{
  "cli": {
    "version": ">= 14.0.0",
    "appVersionSource": "remote"
  },
  "build": {
    "development": {
      "developmentClient": true,
      "distribution": "internal",
      "ios": {
        "simulator": true
      }
    },
    "preview": {
      "distribution": "internal",
      "ios": {
        "buildConfiguration": "Release"
      }
    },
    "production": {
      "autoIncrement": true
    }
  },
  "submit": {
    "production": {
      "ios": {
        "ascAppId": "6759540173",
        "appleTeamId": "3J5TREERRZ"
      }
    }
  }
}
